fold,acc_clipe,f1_macro
1,0.5174603174603175,0.4979126233370015
2,0.5174603174603175,0.5164514284838214
3,0.5331230283911672,0.5365260320005689
